Date,^DJI,^IXIC,^FCHI,^FTSE,^STOXX50E,^HSI,^N225
2019-04-15,0.9974335048120309,0.996972560176035,0.9963933565056299,0.995582270119892,0.996275251176818,0.9894075730627823,0.9976351550298
2019-04-16,1.0,1.0,1.0,1.0,1.0,1.0,1.0
2019-04-17,0.9998820121026935,0.9994812771190477,1.0062257147490055,1.0001874057700975,1.0041491131736722,0.9998277638345928,1.0025340387027368
2019-04-18,1.0040403840528207,0.9997287675628954,1.0093530562808428,0.9986612939757249,1.0103569573865585,0.9944702921137033,0.9940805045752622
2019-04-19,,,,,,,0.9990504935622884
2019-04-22,1.0022073630650037,1.0018799508388156,,,,,0.9998308062674632
2019-04-23,1.0077017006057845,1.015073297148257,1.0113987668683027,1.0071219421957458,1.011690955886339,0.9944696438782294,1.0017136468588415
2019-04-24,1.0054584538623759,1.0127221074150028,1.0085717066470625,1.0002543410713112,1.011338634786048,0.9892452549001254,0.9990252683148919
2019-04-25,1.0003561048990672,1.014805848782057,1.005245384587938,0.995207458579697,1.0082462734359972,0.9807477305438119,1.003866494279494
2019-04-26,1.0034276296349567,1.0182707149959251,1.0073598066047051,0.9944176350986756,1.0106976472380402,0.9825800977577989,1.0016682062563886
2019-04-29,1.0038457557065754,1.0202019338921593,1.0094615991428204,0.9960910176290196,1.0111394232155355,0.992132106759456,
2019-04-30,1.0053019242364123,1.011894677588309,1.010443783982571,0.9930789290744004,1.014800658370978,0.9857032314473548,
2019-05-01,0.9991486855719999,1.0061760919836837,,0.9886745339613311,,,
2019-05-02,0.994523382794234,1.004567373581973,1.001843109020839,0.9841229334787956,1.0073829528046925,0.9938370308792802,
2019-05-03,1.001976703370895,1.0204706639597947,1.003648241287691,0.9880453813498249,1.0112953524419948,0.9983963302611941,
2019-05-06,0.9994639598658039,1.0153820651274001,0.9918334964861788,,0.999881572739398,0.969463895650165,
2019-05-07,0.9815681935344109,0.9954413541944687,0.9759580651850669,0.9719675089249792,0.9820405059297164,0.9745485250601028,0.9865923854910003
2019-05-08,0.9816528819688355,0.9928864349663776,0.9799083541440057,0.9733731502504681,0.9866891988628446,0.9626062125720992,0.9721411313040047
2019-05-09,0.9763993194800676,0.9887953050177818,0.9610195998910509,0.9648589668627771,0.9674737413984271,0.9396346920845846,0.9631202488422315
2019-05-10,0.9807092741293003,0.9895890444067434,0.9636024607523496,0.9643100843195233,0.9704593067366853,0.9475726595798539,0.960545691536534
2019-05-13,0.9573702638897523,0.955850024086832,0.9518690568587961,0.9590088607565976,0.958831864518086,,0.9536316885358721
2019-05-14,0.9651978527088707,0.9667834866319456,0.966118464863024,0.9694373676124002,0.9714207528124889,0.9333601616388119,0.948049350076335
2019-05-15,0.9695818635915191,0.9777406301369144,0.9720710119374185,0.9768537859135835,0.9775997656268118,0.9382287989888564,0.9535093416913573
2019-05-16,0.977696743342064,0.9872278451956124,0.9854286727672054,0.9844174749507382,0.9928393097861873,0.9384398644591483,0.9478580952389323
2019-05-17,0.9739663174825429,0.9770068865818128,0.9836416456970218,0.9837615220721444,0.9891087805848093,0.9275334322583882,0.9562782300841398
2019-05-20,0.9707870678767095,0.9627698080700927,0.969236709637511,0.978714574214025,0.972979974584664,0.9222612035023126,0.9586021169871386
2019-05-21,0.9782505776460041,0.9731870501037232,0.9740968509675594,0.9811242450577202,0.9778105379537165,0.9179342965377808,0.9572844274088573
2019-05-22,0.9744429944944396,0.9688271290540903,0.9729247823578724,0.9818337984704891,0.977871161432358,0.9195506068683271,0.9577758363224226
2019-05-23,0.9636259851583334,0.9535075621300193,0.9552695660652444,0.9680183261533675,0.9606855331161744,0.9049867004769003,0.9518254026151638
2019-05-24,0.9672255758776623,0.9545987783188118,0.961625461594197,0.9742701094333345,0.9674708512093292,0.907867523746324,0.9502989675227137
2019-05-27,,,0.9651851198952619,,0.9713226273679901,0.9056823219639097,0.9532402137905637
2019-05-28,0.9582313983367399,0.9508914264000345,0.9609345496257259,0.973105409045613,0.966939620354629,0.9090915867916318,0.9567305266803134
2019-05-29,0.9498632654649425,0.9433866372615876,0.944552702726095,0.961900413475828,0.9521995854622924,0.9039438840700864,0.9451755176229555
2019-05-30,0.9515066050333726,0.9459378334521755,0.9493983598988087,0.9663048085888973,,0.8999335753109926,0.942437655405542
2019-05-31,0.9380923852619383,0.9316169560799369,0.9419317767927766,0.9587411195517427,0.9471813007867024,0.8928379249904693,0.9270769739195552
2019-06-03,0.9382715821497749,0.9166011523960707,0.9480508033584875,0.9618334781746142,0.9528954161107458,0.8925979482180428,0.9185128705892073
2019-06-04,0.957642049528041,0.940862967135161,0.9528982268918518,0.9657826609462259,0.9625016997484055,0.8882056342941976,0.91840748706437
2019-06-05,0.9654821164163989,0.9469077762718126,0.9571922496333919,0.9665725497937523,0.964366929102886,0.8926503904678789,0.9349481300357109
2019-06-06,0.9723279248409711,0.951916360314593,0.9547378031913898,0.9718871734902217,0.9639222629362926,0.8949683508753415,0.9348554030809959
2019-06-07,0.9822807725061914,0.9677346921972642,0.9702242818772457,0.9815258568650028,0.9754630699743683,,0.9398357634240945
2019-06-10,0.9852574196150228,0.9778681289130421,0.9735614670543711,0.9873626282041436,,0.9153256025202877,0.9510729519428275
2019-06-11,0.9847217486544728,0.9777931188623666,0.9782552172111355,0.9904416520599764,0.9820232352875453,0.9223186371652974,0.9542167033326331
2019-06-12,0.9830705087700153,0.9740620249503326,0.9721904179173972,0.9863050635182672,0.9778451497304758,0.9063584315631557,0.9508614817503684
2019-06-13,0.9869241647926181,0.9796130738673223,0.9723188323366938,0.9864389341206947,0.9789625955251555,0.9059020737895516,0.9464639388828292
2019-06-14,0.98627545286162,0.9745545034685588,0.9708700633310947,0.9833866451654443,0.9756969638140571,0.9000487019311518,0.9502841136313896
2019-06-17,0.9871419034091119,0.9805993126052102,0.9750898989253108,0.9849261570933607,0.9768576919527902,0.9036600865796264,0.9506040435983684
2019-06-18,1.00048686620453,0.9942064043446993,0.9965742318362485,0.9963988938680008,0.9969768622034675,0.9126747083734456,0.9437958635867841
2019-06-19,1.0019408196924902,0.9983862768593506,0.9981515035791766,0.9911110050721139,0.9974994929832905,0.9360193531997195,0.9600483938021479
2019-06-20,1.0113602852737666,1.0063885492549622,1.0012480221176616,0.993908887589548,1.0013628298983437,0.9475789474639504,0.9658531011673049
2019-06-21,1.010073493612779,1.0039348844402727,0.9999385306493601,0.991646487481824,1.001027849932641,0.945032678522591,0.9566630249729949
2019-06-24,1.0103913521221062,1.0006837571991185,0.9987411147643375,0.9928781231707592,0.9977507279575675,0.9463366690018269,0.957893788524534
2019-06-25,1.0036125117969439,0.9855616943629123,0.9974496401746719,0.993641146384693,0.9945139981374493,0.9354830031686399,0.9537455976669722
2019-06-26,1.0031815384824394,0.9887178536310388,0.9949445875000309,0.992837922770128,0.9941068339367132,0.9366778307940762,0.9489205439864152
2019-06-27,1.0027944229970964,0.9959413398211026,0.9936585003103495,0.9909503342025989,0.9939422341429599,0.9499350889408241,0.9602419338536003
2019-06-28,1.0055684676089258,1.0007512601413864,1.0018630688961907,0.9940695584590631,1.0029826046567432,0.94731971809795,0.9574406129998796
2019-07-01,1.0100091835636213,1.0113659452294799,1.0070975903661277,1.0036948417003004,1.009883459821402,,0.9778734149623511
2019-07-02,1.0126270677231333,1.0136070917394893,1.008709129505677,1.0119546840166802,1.0128834056127332,0.9583699289268144,0.9789668898852032
2019-07-03,1.0194059818830248,1.0212493891319407,1.0163041270310056,1.0186615489050947,1.0223106385111493,0.9576921987388838,0.9737418358530748
2019-07-04,,,1.016651393534908,1.017898525691161,1.0233269981798152,0.9557216925454152,0.9766349168401818
2019-07-05,1.0177471370214568,1.0201944267837515,1.0117659932475564,1.0111380602685713,1.018658144415418,0.9550267192938797,0.9786118906718442
2019-07-08,1.0133627569651622,1.012268385106849,1.0109465785417562,1.0106293127594437,1.0174396829871415,0.9403190342743487,0.9690702430852499
2019-07-09,1.0125064956103038,1.0176869915421742,1.0078554474032555,1.0089157951949737,1.0133944756361641,0.9331696452330416,0.9704563132993306
2019-07-10,1.015406354600738,1.0252868096870507,1.007039653736789,1.008139371847496,1.0110181762582526,0.9361039479290595,0.9690311307678583
2019-07-11,1.024021021633428,1.0244755537118042,1.0042108271548982,1.005341423963557,1.0096351150362228,0.9436416948427617,0.9739834532924222
2019-07-12,1.0332431269834776,1.0304878320453557,1.0079928702618701,1.0048327418209344,1.0098949500853769,0.9449632525033396,0.9758902007384757
2019-07-15,1.0342687652071854,1.0322441292123499,1.0089605709442857,1.0082732424499234,1.0112202780178632,0.9477266803284453,
2019-07-16,1.0333792782241744,1.0278204282579524,1.0155028175218737,1.0143643548603756,1.016746742527786,0.9498753216301333,0.9691107616882106
2019-07-17,1.0290023554755319,1.0231218328623488,1.0077848812952652,1.008781924592546,1.0110355173928407,0.9489974811514191,0.9661375224236629
2019-07-18,1.0291203433728384,1.02587553787974,1.003957531037606,1.0031058241229205,1.0056216997653238,0.9446327172352135,0.9471047656381153
2019-07-19,1.0265205487219873,1.0182820061752376,1.004281304944856,1.0051942185940907,1.0048565045785178,0.9547137512070955,0.9660389945409752
2019-07-22,1.0271897128729817,1.0254879757790165,1.0069365865928281,1.0060241771092382,1.0076687995557285,0.9416323593444084,0.9637798846670048
2019-07-23,1.033891838914476,1.0313953987284668,1.0161865757297102,1.011646742411194,1.020070107528428,0.9447927017501645,0.9729642478261902
2019-07-24,1.0308971022969837,1.0401575980085045,1.0139636108509655,1.0042303241100106,1.020078707603305,0.946703051691658,0.9769553741642489
2019-07-25,1.0260208352745714,1.0297879009947895,1.0089316026296165,1.0025703417132104,1.013509942215251,0.9490350139853563,0.9790695487317501
2019-07-26,1.0279665280591908,1.0412463118278277,1.0147196132094103,1.0106025778588612,1.01764467493585,0.9425112369998807,0.9746414191530821
2019-07-29,1.0290590605475791,1.0366364589982795,1.0131008319911936,1.0290097856926448,1.017387730075794,0.9328420918480953,0.9727806396665697
2019-07-30,1.0281771047069492,1.0341715640376794,0.9968165765175069,1.0236816964961266,0.9998527413408349,0.9341726599817599,0.9769436844154554
2019-07-31,1.0155602261764494,1.02189811315849,0.9982328444871355,1.0156494603504755,1.0010076891013717,0.9219339742351033,0.9684933144305115
2019-08-01,1.004943161287093,1.0138608686237107,1.005198399394633,1.0153951192791644,,0.9148960816953017,0.9693690787686915
2019-08-02,1.0012229246202051,1.00047996667088,0.9693108967848351,0.991592952314154,0.9748105921623852,0.8934184198573195,0.948946208698052
2019-08-05,0.972217541920775,0.9657272425823208,0.9480670538764727,0.9670678318028311,0.9559877774607969,0.867953331972471,0.9324365919020803
2019-08-06,0.9840038535821879,0.979130604826973,0.9468190317588112,0.9600798255760178,0.9504238109850166,0.8621424843611571,0.9263624050647374
2019-08-07,0.98315519720444,0.9828255059318058,0.9525816950632693,0.9636943318415607,0.9557163816552507,0.8628324661995439,0.9232685768126362
2019-08-08,0.9971847556092613,1.004866132083239,0.9745490392941057,0.9753678091533371,0.9745968591539655,0.8669393620442443,0.926724172027398
2019-08-09,0.9937540987504063,0.9948639171810918,0.9636892773783251,0.9710839498756566,0.9625738839834391,0.8609164766094277,0.9308404577811099
2019-08-12,0.978972976636772,0.982898013613012,0.9605040875351815,0.9674427087095312,0.9604978823020539,0.857113603201972,
2019-08-13,0.9934694658692319,1.0020161773913847,0.9700470275859608,0.970682338068374,0.9693360805638096,0.8390776827889528,0.9205180580251004
2019-08-14,0.9632082282603608,0.9717145582545814,0.9498305883500037,0.9568936660183399,0.949569160921006,0.839773952511436,0.9295043985975817
2019-08-15,0.9669874588759017,0.970799606529866,0.9472314769707197,0.9460635473552549,0.9478598607929847,0.8461855847599321,0.918277493542073
2019-08-16,0.9785786991826938,0.9869704063072894,0.9587821508549715,0.9527838777437182,0.9612283952196836,0.8541099393102503,0.9188697155523758
2019-08-19,0.9880212011994894,1.000322500494523,0.9715827015355679,0.9624894964197132,0.9728095944127146,0.8726171269127727,0.9253656122747635
2019-08-20,0.9814679998068484,0.9935414454333008,0.9667135517662017,0.9538280422960508,0.9673351533065561,0.870615764710748,0.9304984667092654
2019-08-21,0.9905518127090538,1.0024974257637003,0.9831442385378207,0.9644038198878245,0.9802301196756813,0.8718935664768396,0.9278591323745395
2019-08-22,0.9924234492602573,0.9988950512958276,0.9746015002054278,0.9542564543704208,0.9741031302651227,0.8645480862046869,0.928283918509267
2019-08-23,0.9688590954271051,0.9689433976843073,0.9634993936083887,0.9498119242232254,0.9627211426426042,0.8688829664655473,0.9320145304456431
2019-08-26,0.9790633503453472,0.9816893081259688,0.9678675151792202,,0.966933839976433,0.8523213279907494,0.9117698191780437
2019-08-27,0.9744917992504594,0.9783406495089161,0.9743916565601398,0.9490890360434178,0.9731791861551765,0.851781671958753,0.9205468868792678
2019-08-28,0.9842526027849574,0.9820817528988272,0.9710834396976838,0.9524492012376494,0.9717094897526231,0.8501689917468604,0.9215972064137169
2019-08-29,0.9965821903840306,0.996645115975975,0.9857651644711393,0.9617665428734005,0.9849770085457252,0.8530903297334008,0.9207651248210282
2019-08-30,0.9981332365409257,0.9953313720046256,0.9912836284156558,0.9648322319621946,0.9894321997941199,0.853794961693497,0.9317201772974532
2019-09-02,,,0.9935554331663887,0.974832326743627,0.9911011077671859,0.8505364116134496,0.9279319955455905
2019-09-03,0.9873494528329722,0.9842417249845906,0.988677186639672,0.9729983387102731,0.9876939977751183,0.84726055364625,0.9281556828439314
2019-09-04,0.9963259100388799,0.9970813216978442,1.0006149584604966,0.978768109381695,0.9963821176810279,0.8802969022187999,0.9292348312325478
2019-09-05,1.0104144623923546,1.0145745932230585,1.0117026692182336,0.9733999505175557,1.0061616011873178,0.8800413029714531,0.9488912756680076
2019-09-06,1.0130346354284725,1.0128546109300691,1.0136235864257304,0.974885861911297,1.0091904488696295,0.8858571419959157,0.9540047936759338
2019-09-09,1.0144730097885655,1.0109009317420135,1.0109032143877847,0.9686608788984175,1.0091413861473801,0.8855465075568375,0.9593531613739058
2019-09-10,1.0172674327856617,1.0104909703828704,1.0116737009035641,0.9729715384431855,1.010287663340623,0.885622156636638,0.9626688311745385
2019-09-11,1.0258718367909891,1.0211806655216393,1.0161684705330418,0.9823424806131117,1.01543586554079,0.9013998839528855,0.9719237722907249
2019-09-12,1.0275884942455427,1.0242792702919734,1.0206541434051688,0.983239439795978,1.0217996389801354,0.8990291571778498,0.9792071889318295
2019-09-13,1.0289898774062922,1.0220593634057518,1.022933190234569,0.9862916633847234,1.0250479295566457,0.9078263607937332,0.9894980351553814
2019-09-16,1.023595364419428,1.0191632064288192,1.0133051999184648,0.9801202155395139,1.0159064729168485,0.9002545166941054,
2019-09-17,1.0248799410385385,1.0232230872757504,1.0157071854491448,0.9799863449370864,1.016717840636806,0.8891588645585228,0.9900844562377115
2019-09-18,1.0262514211339508,1.022144382934304,1.0166369093775733,0.979142986288395,1.0186754855500062,0.8879600178731485,0.988256988140618
2019-09-19,1.0242746439283266,1.0228305814694902,1.023587980127736,0.984805686624477,1.0257812621709563,0.8784953261898216,0.9920253061088167
2019-09-20,1.0182367351109685,1.014679570673963,1.0293216751175247,0.9832661746965605,1.0311921896093754,0.8773907977658953,0.993584173662205
2019-09-23,1.018800758607542,1.0140283442779447,1.0184655342410778,0.9807494335175253,1.0212538866875283,0.8703124553325243,
2019-09-24,1.0134243351293386,0.9991750115093737,1.0180260637112155,0.9761040974666884,1.019833323499641,0.8722573562247752,0.9944729461418995
2019-09-25,1.0195840712499231,1.009643460567021,1.0099716357806732,0.9759166916965909,1.0143415412588945,0.861117235135685,0.9909318311859646
2019-09-26,1.0165752321991481,1.003803662626642,1.0166224252202387,0.9840961985782132,1.0198708254654985,0.8643226947304226,0.9921959061269225
2019-09-27,1.0138961390491061,0.9924252055498161,1.020241786511293,0.9941498938938206,1.0238265074468542,0.8614312403992275,0.9845754204134656
2019-09-30,1.017547192574707,0.9998887361087215,1.0269721504981666,0.9917402230501253,1.030632056863695,0.8659934568407739,0.9790375557350522
2019-10-01,1.0045507297012455,0.9885566033837773,1.012473155734013,0.9853277689006432,1.0158487396273053,,0.9848607205983042
2019-10-02,0.9858599848402534,0.973128274937897,0.9808453201511016,0.953493365789982,0.9855487020477977,0.864347911090356,0.9800622105578647
2019-10-03,0.9904878718335423,0.9840041829852182,0.9837393254409984,0.9474825888142876,0.9867209909429228,0.8665922319479872,0.9604026019798743
2019-10-04,1.0045764980217462,0.9977800931137782,0.9927016627459349,0.9578976955365462,0.9951924876513146,0.8569910866974108,0.963483334197613
2019-10-07,1.0009586701242978,0.9945076652154348,0.9987230095676691,0.9635871961397157,1.0022752132518977,,0.9619105795742294
2019-10-08,0.9890891467230449,0.9779443596317513,0.9869679677561461,0.9562645134068336,0.9911646214349253,0.8593930584222869,0.9714746398370818
2019-10-09,0.9959682546104989,0.9879391284588925,0.9946587903467684,0.9593836722967927,0.9996390788248322,0.8524036538959309,0.9655615605902532
2019-10-10,1.0016637179536971,0.9938189032773777,1.0073037246540495,0.9620476842117992,1.0088353080726578,0.8532373495388744,0.9698636518247874
2019-10-11,1.0137577727665326,1.0071010531862763,1.0247455645800885,0.9701736559257514,1.0307677547664682,0.8731680622420145,0.9809739230709058
2019-10-14,1.0126527622089048,1.0060523162450592,1.0206939748378392,0.9656755906108859,1.0268236335415044,0.8802510719707972,
2019-10-15,1.0216288502411663,1.0185594640193143,1.0313601436263171,0.9654212495395746,1.0390631614171315,0.879656315923522,0.9993497687099703
2019-10-16,1.0207661652648652,1.0154933290186787,1.0304286533372382,0.959584478200434,1.039236431778179,0.8849782643404435,1.0113069754401014
2019-10-17,1.0216696808464296,1.0195769518588669,1.0261183800777127,0.9614988016685454,1.0361671919409121,0.8910921620357913,1.0103592268593513
2019-10-18,1.0120040502779066,1.0111634364026767,1.0194585821988293,0.9572551427914963,1.0335078655086454,0.8868136782611576,1.0121961873840364
2019-10-21,1.0141755296645054,1.0203444468851024,1.0216471913629204,0.958995460623054,1.0394761059960638,0.8870161221996471,1.014726183015762
2019-10-22,1.0126807455712823,1.013008354068923,1.0233365386891273,0.9655417200084584,1.0408447162726036,0.8890247446389792,
2019-10-23,1.0144140158399122,1.0149445777040955,1.0225678185339984,0.9719943091920668,1.041442350984141,0.881740652266202,1.0181678911605283
2019-10-24,1.0133396466949138,1.0231955612115886,1.0281550822258547,0.9810439096229627,1.0456233267303086,0.8894147231000591,1.0238028774360601
2019-10-25,1.0191058437087126,1.0303603943026296,1.0349957554353566,0.9805352274803402,1.046578992427916,0.8850815282514308,1.0260174256360586
2019-10-28,1.0241208461873443,1.0407188611704339,1.0365187115882797,0.9814455214302453,1.0468706195571482,0.8925116680764708,1.029053156715585
2019-10-29,1.023392761922426,1.0345764596244822,1.03824974502584,0.9780987563695573,1.0458312088681152,0.8890433489970793,1.0338620381120969
2019-10-30,1.0277487894426969,1.0379677195559136,1.0429036637499343,0.9813785861290315,1.0453114682773903,0.8850921593132023,1.0279663616491863
2019-10-31,1.0224389648902572,1.0365152466625258,1.0363902971689831,0.9703476615623052,1.0407262890120015,0.8930248112775859,1.0317428536522555
2019-11-01,1.033822655773189,1.048269913627361,1.0421837834667937,0.9775766740933911,1.0463075966223698,0.899464901063385,1.0283106379350806
2019-11-04,1.0381605937847993,1.054119721045617,1.0534721527944355,0.9865862048566659,1.058281509070647,0.9142854438789166,
2019-11-05,1.039314409098447,1.0543046522527337,1.0575581865693708,0.9890494108680312,1.0615471407817454,0.9188025431314817,1.046366026250078
2019-11-06,1.0393117510481948,1.051298513085958,1.0611485795457556,0.9902007111222089,1.0650754977310959,0.9189764647091209,1.0486984387593397
2019-11-07,1.0462010481282822,1.0542846332969797,1.0655348063132555,0.9914992167458527,1.0702554215189242,0.9242400071098467,1.0498909689219678
2019-11-08,1.0464444812305473,1.059383241607251,1.065301470071315,0.9852072984317595,1.0682255923706903,0.9177318525992914,1.0526607362432312
2019-11-11,1.0468319658895364,1.0580046191299066,1.0660466093117589,0.9810707098900503,1.067408514764954,0.8936829647542056,1.049959349557767
2019-11-12,1.0468319658895364,1.0607307370497345,1.0707367384291897,0.9860105220463246,1.0718492550678584,0.8982873165015536,1.0584272102194772
2019-11-13,1.050313642546288,1.0602319720911344,1.0684468284817883,0.984109598711757,1.068182310026637,0.8818976548979732,1.0494206542919395
2019-11-14,1.0502520643821118,1.059846973393282,1.0673598101374264,0.9762915032367859,1.065095729054782,0.8736742045000118,1.0413961251558999
2019-11-15,1.0586795603762087,1.0675730696462522,1.074267428415585,0.9776436093946048,1.0716789453883262,0.8737728011155873,1.0486759381902335
2019-11-18,1.0598639432677568,1.0687118308549601,1.0725527338140426,0.97828622750616,1.0697472416845912,0.8855362006128029,1.0537808426990487
2019-11-19,1.0560003933914373,1.0713017222222188,1.068801337064358,0.9804414919120389,1.0673334403408223,0.8992339347640452,1.0481957795612213
2019-11-20,1.0517312693474679,1.0658106691390892,1.066084586065746,0.9722352501298342,1.06367220518538,0.8924568921789288,1.0417120120518673
2019-11-21,1.0496596145147854,1.0632456793997194,1.063765796121708,0.9690357558051176,1.0624537437571033,0.8784266780531389,1.0367623263127457
2019-11-22,1.0537926611527875,1.0649543705133966,1.0659218159317958,0.9808431037193215,1.0646655138336787,0.8826815660565237,1.040105946039065
2019-11-25,1.0610074955540418,1.0790302598112567,1.0716609866396014,0.9901471105880338,1.0705441584590583,0.8958896879543523,1.048202986774763
2019-11-26,1.063094581845133,1.0809601359726537,1.0725219991387225,0.991057469904444,1.0699291826129325,0.8932637508732542,1.0518260178651002
2019-11-27,1.0646944327580476,1.0881161802538513,1.0720191162615047,0.9946317757693556,1.072036976374396,0.8945939948891819,1.054726306065749
2019-11-28,,,1.0694652237148754,0.992837922770128,1.0696202143491123,0.8925936698639153,1.0534379726987235
2019-11-29,1.0604381559569638,1.0831525778281155,1.068099561977886,0.9834803807337456,1.0693603792999582,0.8744309545922071,1.0482524704482272
2019-12-02,1.0502928211526457,1.070967991581785,1.0466785530962712,0.9753678091533371,1.0471506859299884,0.8776911900844865,1.0588542815682545
2019-12-03,1.039699235707184,1.0650493384864241,1.0359128498851335,0.9583528425114988,1.0426262006356584,0.8759182012399059,1.0521180857992405
2019-12-04,1.0452551514121409,1.0708029572636186,1.0490190692763115,0.962328825550198,1.0567829812695304,0.865007425861471,1.0411117038995419
2019-12-05,1.0463140152640011,1.0713067269611574,1.0493572390228634,0.9555549599940647,1.0533498595755806,0.8701345146949472,1.0485305634195239
2019-12-06,1.0590640178112993,1.0820351783099986,1.0620836908741684,0.9691830265410889,1.066114978912546,0.8794717632841113,1.050974599845836
2019-12-09,1.0550772377718982,1.0776977785855888,1.0558145236531589,0.9684065378271063,1.0602939970842926,0.8793509970153294,1.0544081339557319
2019-12-10,1.054023320846896,1.076991500061247,1.0577643208572924,0.9657157256450122,1.0601785305052058,0.8774223020099254,1.0534851711581377
2019-12-11,1.055141547821056,1.0817251286294198,1.0600885865193475,0.966050402151081,1.0647030157995359,0.8843526522846119,1.0526602967789909
2019-12-12,1.063486644257334,1.0896337147534394,1.0643174305528815,0.9737078267565369,1.0701601862635233,0.8959262484350785,1.0541431370187977
2019-12-13,1.063612532470668,1.0918285979449687,1.0706047029705594,0.9844040748171944,1.077297754964552,0.9189472292892493,1.081066825811317
2019-12-16,1.067412141471476,1.1017471360534008,1.0837435117157403,1.006586459786036,1.0893294007023724,0.9129840463415761,1.0778829952827909
2019-12-17,1.068594235486418,1.1028883385981763,1.0795109583248401,1.0074164183011833,1.0814006956050728,0.9241231950774554,1.08300275368293
2019-12-18,1.0675402447266866,1.103435808211324,1.0779446380179456,1.00949141263881,1.0795874191619397,0.9254673761560712,1.0770765784017389
2019-12-19,1.0727450762941642,1.1108705310046323,1.080238080686648,1.013909142518918,1.079636481884189,0.9226887147973295,1.0739453956892073
2019-12-20,1.075698613132747,1.115587924687956,1.0891461907196118,1.0150738429066393,1.090432395551562,0.9250405130965281,1.0717754970560291
2019-12-23,1.0793443505578435,1.1181741540511134,1.0905643133679235,1.0205759377397112,1.090461226950125,0.9262041605956713,1.071977035356656
2019-12-24,1.0779804016048127,1.1190778145965163,1.090596814403894,1.0217272379938889,,0.9248035830308289,1.0724032277769526
2019-12-25,,,,,,,1.0702561812842728
2019-12-26,1.0819853449876038,1.1277662855273143,,,,,1.076648628124481
2019-12-27,1.0828876792135007,1.1257951507863757,1.0920149370522054,1.0234273554248152,1.0920810722009417,0.9367919850610246,1.0727245640295004
2019-12-30,1.0759651565052606,1.1182166332986887,1.082036059192865,1.015689660751107,1.082321749525921,0.939910840396453,1.0645747875849594
2019-12-31,1.0788495102025568,1.1215427095571167,1.0812835895557213,1.009705618675995,,0.9356081126150967,
2020-01-02,1.0913382854778457,1.1364911323655185,1.0927583099319986,1.0179921958929572,,0.9473496017532954,
2020-01-03,1.0824953214623825,1.1275637767005111,1.0932394665732144,1.0204152668701962,1.0895113416307138,0.9442955051417066,
2020-01-06,1.0850848530858708,1.1339011189314565,1.0877100511926643,1.014109948422559,1.083491148231948,0.936817525538695,1.0442450839332753
2020-01-07,1.0805597440356676,1.1335399232602628,1.0874858117080743,1.0139225426524616,1.0854343421996582,0.939999454185731,1.0609342658178562
2020-01-08,1.086661593728537,1.1411222248188544,1.090859118960504,1.0140564132548893,1.089277447791025,0.932228407324983,1.0442406013980237
2020-01-09,1.0946687486091382,1.1503956398714368,1.0929481937019352,1.0171622373778095,1.0960107424804153,0.9479297725024087,1.0683211323411403
2020-01-10,1.0896359519607624,1.1473245611652643,1.0919642425015341,1.0157967310864469,1.094174415016915,0.9504919880364254,1.0733028110769598
2020-01-13,1.0927842648150492,1.1592078865408593,1.0917888428889324,1.019772714125146,1.0913332181487239,0.9610044875397149,
2020-01-14,1.094017378627888,1.1563830165770992,1.0926480007093704,1.0204152668701962,1.0899472667375962,0.9586878884267475,1.0811599922302721
2020-01-15,1.0974405043443616,1.1573042547421886,1.0911503035137506,1.0231462140864165,1.088237966609575,0.954985556341289,1.0762733256632175
2020-01-16,1.1075498816355456,1.169607611988205,1.0923115090054365,1.0187284842063085,1.0897336042215935,0.9586181382897591,1.0770181296577717
2020-01-17,1.109457401865154,1.1735838160414211,1.1034697858711637,1.0274033384635146,1.0995853424553341,0.9643725894148463,1.0818840535126817
2020-01-20,,,1.0994579392435526,1.0242975143405941,1.0969203061372883,0.9557263598408271,1.0837853516021547
2020-01-21,1.103708999021099,1.171317523769916,1.0935704825591315,1.0188490200416973,1.094058948437828,0.928823485674936,1.073932387547693
2020-01-22,1.1033396777055002,1.1729374723175376,1.087237991308799,1.0136548014476066,1.0884776408274597,0.94062934459569,1.081438085201569
2020-01-23,1.1023499969949264,1.175276272270249,1.0801494977000219,1.005060347991663,1.0789666629376178,0.9262940708558971,1.070821859654458
2020-01-24,1.0959098365727336,1.1643302978777892,1.089639976839479,1.0155423900151357,1.0911830693004607,0.9276389649935342,1.072250206328461
2020-01-27,1.0787497594833695,1.142380855628479,1.0604756844559202,0.9922623053262917,1.0619282932805993,,1.0504845093249917
2020-01-28,1.0858208376668166,1.1586766518125609,1.0718346198915525,1.0014458417261203,1.0738761940269943,,1.044733416597158
2020-01-29,1.0862593421237023,1.1593616907131148,1.0770927222761748,1.001834053399859,1.0788251846566488,0.9014520020849845,1.0520996283011455
2020-01-30,1.0909843956206555,1.1623327967073211,1.0620583435988327,0.9882327871199224,1.0656645323677565,0.8778375616544862,1.0340249035595726
2020-01-31,1.068173451364547,1.143834671256704,1.0502236389219688,0.9753812092868809,1.0512651873269014,0.8733071735747069,1.044259498360359
2020-02-03,1.0736088687914038,1.1591417263334287,1.0549571321933713,0.9807761684181077,1.0571439024446982,0.8747791218652223,1.033763422336561
2020-02-04,1.0890258555931505,1.183462194171542,1.0735040956604405,0.9959704817936308,1.0776471153833276,0.8853666222128387,1.0388328181347555
2020-02-05,1.1072931582820194,1.1885507930039365,1.0826111862206913,1.0016867826638878,1.0908019872940238,0.8890427007616054,1.0494067672219445
2020-02-06,1.1106546319995878,1.1964844028226485,1.0921578356288368,1.0046720709514192,1.098794206059063,0.912506426444429,1.0743387161843254
2020-02-07,1.1001732753425526,1.1900295102600504,1.0906330247972307,0.999571653292135,1.096764376910829,0.9095382858566753,1.0722862423961699
2020-02-10,1.1067628034219739,1.2035141079623504,1.0880862860112361,0.9969209761441671,1.0952311668405361,0.9041307055336556,1.0658960807700117
2020-02-11,1.1067446400785839,1.2048329177060402,1.095156674423345,1.0039491827716118,1.1046613604204676,0.9154995240979269,
2020-02-12,1.1171435971778003,1.215710046421395,1.1041950535542886,1.0086346538565747,1.1129163044237587,0.9234577165399809,1.073781651313251
2020-02-13,1.11230062961827,1.21396131739621,1.10209873673419,0.9976037292898485,1.1106959342723064,0.920349168148587,1.0722749921116168
2020-02-14,1.1113468325861013,1.2163624934854473,1.0977957055533318,0.9918606935190091,1.1090299164883384,0.923190189759915,1.0659685044768221
2020-02-17,,,1.1007982537052063,0.9951003228778519,1.112581394950473,0.9279695002616603,1.0585725849901868
2020-02-18,1.1050756060243823,1.2165575562372444,1.095529288202583,0.9882327871199224,1.1077508315814206,0.9137178488979965,1.0437474346274969
2020-02-19,1.1094547438149016,1.2271121844580761,1.1053725978819924,0.9982730823019861,1.1160202265302017,0.9178868457010936,1.0530580998093604
2020-02-20,1.1046140651319774,1.2188361772558907,1.0965204814816516,0.9955421350857657,1.10383554175502,0.9163385352717562,1.0565884918378308
2020-02-21,1.0960111378212345,1.1970393185108021,1.0906276373972463,0.991164540239784,1.0973100587110194,0.906370034978138,1.0524299296241966
2020-02-24,1.0570128151986131,1.1526268989703725,1.0476064223460166,0.9580851013066437,1.0533065772315273,0.8901758163699293,
2020-02-25,1.0237669563301541,1.1206690774453445,1.0273140296020848,0.9394904877027628,1.0315156088186859,0.8925770750357842,1.0172691867890018
2020-02-26,1.0190880495389685,1.1225652631690093,1.0281948253404924,0.9427837175957807,1.0330083562416066,0.886047334283949,1.0092040511571534
2020-02-27,0.9740661420364592,1.0707792763037636,0.9940184846109361,0.909838149265068,0.9978517435911642,0.8887731644515704,0.9876953528414439
2020-02-28,0.9605597026882191,1.0708904791616403,0.9604299003878575,0.8809488994078122,0.9613467519878686,0.8672433844814891,0.9514573073674422
2020-03-02,1.0094758014796774,1.118989072030461,0.9647021968933955,0.8908954590215745,0.9640435803859925,0.872611811381887,0.9605078976118634
2020-03-03,0.9797657401244942,1.0854800255681127,0.9754913927011858,0.8993695073751393,0.9736122915653779,0.872384151083464,0.9487468677186268
2020-03-04,1.0241260884531196,1.1272288253920435,0.9884638102730829,0.9124084909782784,0.9876420448637709,0.870301500153016,0.9495267409595614
2020-03-05,0.9874726829960538,1.0922923297309997,0.9696907526427405,0.8976559244441641,0.9711898196543151,0.8884163756467527,0.9598346383956391
2020-03-06,0.9777761156759842,1.0719216995165728,0.9295381956060719,0.8651521683213653,0.9332180218375639,0.8677989871061427,0.9337623676223842
2020-03-09,0.901649187278985,0.9938064524634332,0.8515448060341706,0.7986452138154723,0.8543928371809152,0.8310842911606675,0.8864666108254106
2020-03-10,0.9457710494322036,1.0430012662599848,0.8386483419702482,0.7978955907350823,0.8402302761688472,0.8427686707536185,0.8940429743291358
2020-03-11,0.8903913846093869,0.99397765115517,0.8338804929841921,0.7866905951652972,0.8389425206946352,0.8374284420963339,0.8737448242099092
2020-03-12,0.8014550905427901,0.9001990970596487,0.731506866373757,0.7011472802141145,0.7349019164984893,0.8068096877235804,0.8352045134735342
2020-03-13,0.8764948025519055,0.9843316882186798,0.7449097018771821,0.7183630527595941,0.746679507565352,0.7976440270643497,0.7844171253940896
2020-03-16,0.7631943030304283,0.8630489199193554,0.702060353717253,0.6895808732376781,0.7075123698331085,0.76547197084911,0.7651111097438891
2020-03-17,0.8028448078163216,0.9168211167757567,0.7220145325556165,0.708831439720153,0.7306488270097053,0.7721152176324197,0.7655381810926664
2020-03-18,0.75224645855413,0.8737048635869904,0.6791579423170201,0.6801429957665382,0.6888743862489596,0.739857853628819,0.752713823523466
2020-03-19,0.7593636834433446,0.8937968152893065,0.6973648371998379,0.689647808538892,0.7085835726022198,0.7205185909720375,0.7448961941517857
2020-03-20,0.7248412959412607,0.859915281976452,0.7323280474402079,0.6948954969341475,0.7358460919321217,0.756892444705352,
2020-03-23,0.7028378082839908,0.8575590875042594,0.708002125991679,0.6685363883894706,0.7176672254600565,0.7200871254406299,0.7599692902388839
2020-03-24,0.7827156147605074,0.9272058280062871,0.7673998005425553,0.7290593008202516,0.7839525845445516,0.7521934505788191,0.8141763253582293
2020-03-25,0.8014525063272672,0.9230109412748205,0.8016936925734073,0.761482786874798,0.8085038245308395,0.7808593307629933,0.8796206368891557
2020-03-26,0.8525482801602686,0.9746644856584018,0.8218215488227383,0.7785512886843062,0.8222592918345885,0.775056132330271,0.8399282267002651
2020-03-27,0.8179434192656369,0.9377705267383976,0.7870772348259906,0.7376671544097388,0.7878620235003391,0.7794351574269018,0.8725464052264603
2020-03-30,0.8440542590751373,0.9717408026173076,0.7919644014739926,0.7448158968725722,0.7985366902104291,0.7691739139932842,0.8588454043905993
2020-03-31,0.8285427638199785,0.9624848431176082,0.7951496796351688,0.7593140569688702,0.8046809502631588,0.783391403347475,0.8512869710278805
2020-04-01,0.7917354867872014,0.9200460606875864,0.760985968384264,0.7302106010744293,0.7739016347402985,0.766209403524184,0.8129640193047851
2020-04-02,0.8095004179784021,0.935886852862079,0.7634675284622523,0.7336377015698746,0.7762663733618179,0.7726572073121221,0.80186271312917
2020-04-03,0.7958567937032561,0.9216085157708174,0.7514610452121205,0.7249762474462124,0.7689035813883947,0.7711984830252735,0.8019288085509194
2020-04-06,0.8573803201798732,0.9891265943221481,0.7861095341435748,0.7473192379180638,0.8072998140480532,0.7882251008054779,0.8359546789318206
2020-04-07,0.8563924853375303,0.9858791290850952,0.8027735571571344,0.7636648515477644,0.8251148691558526,0.8049583272102091,0.8527796552666713
2020-04-08,0.8858681952621436,1.0113334144263797,0.8035838751055842,0.760077145549309,0.8232669809359603,0.795568312253472,0.8709178386445516
2020-04-09,0.896672357355364,1.0191682111677576,0.81517800146184,0.7821657949498492,0.8352553443297275,0.8065196023490239,0.8705816485006799
2020-04-10,,,,,,,0.8774546934341406
2020-04-13,0.8842501810058387,1.0240230520716842,,,,,0.8569746930122549
2020-04-14,0.9053819020151121,1.0644369293338796,0.8182637452003565,0.7752847936918708,0.8424593168875935,0.811002539592116,0.8837688277467174
2020-04-15,0.883023859988089,1.0449970584952055,0.7874805832805486,0.7493607646050834,0.8108310611865016,0.8013755297461322,0.8797762951230895
